{
    "odom_scale_linear": 1.0273936536217598,
    "odom_scale_angular": -1.0002673542009588
}